{
  "Silty Clay": {
    "precision": 1.0,
    "recall": 0.14285714285714285,
    "f1-score": 0.25,
    "support": 7.0
  },
  "Loam": {
    "precision": 0.875,
    "recall": 0.875,
    "f1-score": 0.875,
    "support": 8.0
  },
  "Clay Loam": {
    "precision": 0.625,
    "recall": 0.625,
    "f1-score": 0.625,
    "support": 8.0
  },
  "Clay": {
    "precision": 0.6923076923076923,
    "recall": 1.0,
    "f1-score": 0.8181818181818182,
    "support": 9.0
  },
  "Rock Land": {
    "precision": 0.8,
    "recall": 1.0,
    "f1-score": 0.8888888888888888,
    "support": 8.0
  },
  "accuracy": 0.75,
  "macro avg": {
    "precision": 0.7984615384615384,
    "recall": 0.7285714285714285,
    "f1-score": 0.6914141414141415,
    "support": 40.0
  },
  "weighted avg": {
    "precision": 0.7907692307692308,
    "recall": 0.75,
    "f1-score": 0.7056186868686869,
    "support": 40.0
  }
}