{
  "accuracy": [
    0.1314285695552826,
    0.1599999964237213,
    0.2514285743236542,
    0.34285715222358704,
    0.508571445941925,
    0.5142857432365417,
    0.5885714292526245,
    0.691428542137146,
    0.4228571355342865,
    0.47999998927116394,
    0.6285714507102966
  ],
  "loss": [
    2.2734975814819336,
    1.8879636526107788,
    1.5893490314483643,
    1.4397597312927246,
    1.2608813047409058,
    1.2084264755249023,
    1.1319035291671753,
    1.004533052444458,
    1.4410228729248047,
    1.1897032260894775,
    1.0102394819259644
  ],
  "top_3_accuracy": [
    0.645714282989502,
    0.6857143044471741,
    0.800000011920929,
    0.7942857146263123,
    0.845714271068573,
    0.8857142925262451,
    0.9142857193946838,
    0.9314285516738892,
    0.7885714173316956,
    0.868571400642395,
    0.9257143139839172
  ],
  "val_accuracy": [
    0.07500000298023224,
    0.10000000149011612,
    0.25,
    0.44999998807907104,
    0.550000011920929,
    0.625,
    0.6499999761581421,
    0.675000011920929,
    0.7250000238418579,
    0.699999988079071,
    0.75
  ],
  "val_loss": [
    1.8981094360351562,
    1.6696125268936157,
    1.5177329778671265,
    1.4022449254989624,
    1.3003320693969727,
    1.2094166278839111,
    1.1276887655258179,
    1.0534427165985107,
    0.9715598821640015,
    0.8947943449020386,
    0.8252099752426147
  ],
  "val_top_3_accuracy": [
    0.6499999761581421,
    0.7250000238418579,
    0.824999988079071,
    0.875,
    0.949999988079071,
    0.9750000238418579,
    0.9750000238418579,
    0.9750000238418579,
    0.9750000238418579,
    0.9750000238418579,
    0.9750000238418579
  ],
  "learning_rate": [
    9.999999747378752e-05,
    9.999999747378752e-05,
    9.999999747378752e-05,
    9.999999747378752e-05,
    9.999999747378752e-05,
    9.999999747378752e-05,
    9.999999747378752e-05,
    9.999999747378752e-05,
    9.999999747378752e-06,
    9.999999747378752e-06,
    9.999999747378752e-06
  ]
}